{
  "Llama_3_2_1B_0_Baseline": {
    "perplexity": 9.915745364471285,
    "zero_shot": {
      "boolq": 0.6385321100917432,
      "rte": 0.5631768953068592,
      "hellaswag": 0.48157737502489545,
      "winogrande": 0.6101026045777427,
      "arc_easy": 0.6637205387205387,
      "arc_challenge": 0.31569965870307165,
      "openbookqa": 0.278,
      "mean": 0.5072584546321216
    },
    "trends": {
      "truthfulqa_mc1": 0.23623011015911874,
      "toxigen": 0.41808510638297874
    }
  },
  "Llama_3_2_1B_25_Magnitude": {
    "perplexity": 14.599958432719868,
    "zero_shot": {
      "boolq": 0.5675840978593272,
      "rte": 0.5306859205776173,
      "hellaswag": 0.4309898426608245,
      "winogrande": 0.584846093133386,
      "arc_easy": 0.6102693602693603,
      "arc_challenge": 0.29180887372013653,
      "openbookqa": 0.258,
      "mean": 0.46774059831723597
    },
    "trends": {
      "truthfulqa_mc1": 0.2350061199510404,
      "toxigen": 0.4085106382978723
    }
  },
  "Llama_3_2_1B_50_Magnitude": {
    "perplexity": 1732.2621998308375,
    "zero_shot": {
      "boolq": 0.38990825688073394,
      "rte": 0.4981949458483754,
      "hellaswag": 0.2625970922127066,
      "winogrande": 0.4925019731649566,
      "arc_easy": 0.2702020202020202,
      "arc_challenge": 0.18515358361774745,
      "openbookqa": 0.148,
      "mean": 0.3209368388466486
    },
    "trends": {
      "truthfulqa_mc1": 0.2484700122399021,
      "toxigen": 0.5691489361702128
    }
  },
  "Llama_3_2_1B_75_Magnitude": {
    "perplexity": 162633.70513168164,
    "zero_shot": {
      "boolq": 0.47889908256880737,
      "rte": 0.4584837545126354,
      "hellaswag": 0.25672176857199763,
      "winogrande": 0.4964483030781373,
      "arc_easy": 0.23905723905723905,
      "arc_challenge": 0.22440273037542663,
      "openbookqa": 0.158,
      "mean": 0.3302875540234633
    },
    "trends": {
      "truthfulqa_mc1": 0.23133414932680538,
      "toxigen": 0.44893617021276594
    }
  },
  "Llama_3_2_1B_25_HH": {
    "perplexity": 11.32828104478649,
    "zero_shot": {
      "boolq": 0.6290519877675841,
      "rte": 0.5415162454873647,
      "hellaswag": 0.45249950209121687,
      "winogrande": 0.5919494869771112,
      "arc_easy": 0.6359427609427609,
      "arc_challenge": 0.30204778156996587,
      "openbookqa": 0.244,
      "mean": 0.4852868235480005
    },
    "trends": {
      "truthfulqa_mc1": 0.23255813953488372,
      "toxigen": 0.42340425531914894
    }
  },
  "Llama_3_2_1B_50_HH": {
    "perplexity": 54.617606444597484,
    "zero_shot": {
      "boolq": 0.6079510703363914,
      "rte": 0.5270758122743683,
      "hellaswag": 0.29884485162318264,
      "winogrande": 0.5201262825572218,
      "arc_easy": 0.42213804713804715,
      "arc_challenge": 0.20477815699658702,
      "openbookqa": 0.122,
      "mean": 0.3861306029893998
    },
    "trends": {
      "truthfulqa_mc1": 0.25091799265605874,
      "toxigen": 0.46702127659574466
    }
  },
  "Llama_3_2_1B_75_HH": {
    "perplexity": 2620.4907798721956,
    "zero_shot": {
      "boolq": 0.37951070336391435,
      "rte": 0.5306859205776173,
      "hellaswag": 0.2660824536944832,
      "winogrande": 0.500394632991318,
      "arc_easy": 0.2765151515151515,
      "arc_challenge": 0.19965870307167236,
      "openbookqa": 0.126,
      "mean": 0.32554965217345094
    },
    "trends": {
      "truthfulqa_mc1": 0.2350061199510404,
      "toxigen": 0.5691489361702128
    }
  },
  "Llama_3_2_1B_25_Arena": {
    "perplexity": 10.659710207054504,
    "zero_shot": {
      "boolq": 0.6253822629969419,
      "rte": 0.5523465703971119,
      "hellaswag": 0.46345349531965746,
      "winogrande": 0.5966850828729282,
      "arc_easy": 0.6477272727272727,
      "arc_challenge": 0.29692832764505117,
      "openbookqa": 0.26,
      "mean": 0.4917890017084233
    },
    "trends": {
      "truthfulqa_mc1": 0.24112607099143207,
      "toxigen": 0.4106382978723404
    }
  },
  "Llama_3_2_1B_50_Arena": {
    "perplexity": 22.561090802059226,
    "zero_shot": {
      "boolq": 0.6107033639143731,
      "rte": 0.5234657039711191,
      "hellaswag": 0.345947022505477,
      "winogrande": 0.55327545382794,
      "arc_easy": 0.531986531986532,
      "arc_challenge": 0.22610921501706485,
      "openbookqa": 0.174,
      "mean": 0.42364104160321514
    },
    "trends": {
      "truthfulqa_mc1": 0.2460220318237454,
      "toxigen": 0.5223404255319148
    }
  },
  "Llama_3_2_1B_75_Arena": {
    "perplexity": 371.69012081721456,
    "zero_shot": {
      "boolq": 0.3981651376146789,
      "rte": 0.5270758122743683,
      "hellaswag": 0.270264887472615,
      "winogrande": 0.5011838989739542,
      "arc_easy": 0.3122895622895623,
      "arc_challenge": 0.18515358361774745,
      "openbookqa": 0.116,
      "mean": 0.3300189831775609
    },
    "trends": {
      "truthfulqa_mc1": 0.24357405140758873,
      "toxigen": 0.5117021276595745
    }
  },
  "Llama_3_2_1B_25_UltraFeedback": {
    "perplexity": 11.349423470453921,
    "zero_shot": {
      "boolq": 0.6305810397553517,
      "rte": 0.5379061371841155,
      "hellaswag": 0.4501095399322844,
      "winogrande": 0.590370955011839,
      "arc_easy": 0.6384680134680135,
      "arc_challenge": 0.29948805460750855,
      "openbookqa": 0.248,
      "mean": 0.48498910570844467
    },
    "trends": {
      "truthfulqa_mc1": 0.23011015911872704,
      "toxigen": 0.4074468085106383
    }
  },
  "Llama_3_2_1B_50_UltraFeedback": {
    "perplexity": 61.44234742738554,
    "zero_shot": {
      "boolq": 0.5868501529051988,
      "rte": 0.5270758122743683,
      "hellaswag": 0.2889862577175861,
      "winogrande": 0.5114443567482242,
      "arc_easy": 0.40025252525252525,
      "arc_challenge": 0.19368600682593856,
      "openbookqa": 0.122,
      "mean": 0.3757564445319773
    },
    "trends": {
      "truthfulqa_mc1": 0.26560587515299877,
      "toxigen": 0.5191489361702127
    }
  },
  "Llama_3_2_1B_75_UltraFeedback": {
    "perplexity": 3610.289293090455,
    "zero_shot": {
      "boolq": 0.3782874617737003,
      "rte": 0.5451263537906137,
      "hellaswag": 0.2620991834295957,
      "winogrande": 0.48697711128650356,
      "arc_easy": 0.2718855218855219,
      "arc_challenge": 0.2158703071672355,
      "openbookqa": 0.128,
      "mean": 0.3268922770475958
    },
    "trends": {
      "truthfulqa_mc1": 0.23255813953488372,
      "toxigen": 0.5680851063829787
    }
  }
}